date.mmm.yy.,population_group,returned_from_housing,returned_to_shelter,ageunder16,age16.24,age25.34,age35.44,age45.54,age55.64,age65over
Jan-18,All Population,46,494,1233,1111,1341,1560,1318,973,422
Jan-18,Chronic,11,29,223,346,313,403,505,495,247
Jan-18,Refugees,4,32,914,241,414,547,204,66,22
Jan-18,Families,0,14,1232,187,276,411,130,23,18
Jan-18,Youth,12,64,0,924,0,0,0,0,0
Jan-18,Single Adult,34,416,0,0,1065,1149,1188,950,404
Jan-18,Non-refugees,42,462,319,870,927,1013,1114,907,400
Feb-18,All Population,78,481,1271,1094,1392,1579,1399,965,432
Feb-18,Chronic,11,31,202,362,308,399,521,496,253
Feb-18,Refugees,8,26,965,253,417,534,237,66,19
Feb-18,Families,4,18,1268,197,278,410,145,22,16
Feb-18,Youth,19,45,0,893,0,0,0,0,0
Feb-18,Single Adult,55,418,0,0,1114,1169,1254,943,416
Feb-18,Non-refugees,70,455,306,841,975,1045,1162,899,413
Mar-18,All Population,64,489,1414,1115,1487,1727,1460,969,435
Mar-18,Chronic,11,30,226,377,316,412,526,500,257
Mar-18,Refugees,11,24,1121,250,468,634,259,72,22
Mar-18,Families,7,8,1412,210,320,491,164,28,11
Mar-18,Youth,17,64,0,905,0,0,0,0,0
Mar-18,Single Adult,40,417,0,0,1167,1236,1296,941,424
Mar-18,Non-refugees,53,465,293,865,1019,1093,1201,897,413
Apr-18,All Population,59,518,1615,1126,1554,1823,1476,983,456
Apr-18,Chronic,10,27,236,381,322,433,519,504,258
Apr-18,Refugees,2,31,1321,258,515,703,280,71,22
Apr-18,Families,8,8,1613,217,361,557,166,26,13
Apr-18,Youth,18,54,0,909,0,0,0,0,0
Apr-18,Single Adult,33,456,0,0,1193,1266,1310,957,443
Apr-18,Non-refugees,57,487,294,868,1039,1120,1196,912,434
May-18,All Population,50,484,1830,1153,1644,1946,1502,985,456
May-18,Chronic,14,36,242,376,324,444,533,517,261
May-18,Refugees,3,33,1552,290,602,840,312,74,24
May-18,Families,3,16,1828,231,396,666,194,27,11
May-18,Youth,10,66,0,921,0,0,0,0,0
May-18,Single Adult,37,402,0,0,1251,1280,1308,958,445
May-18,Non-refugees,47,451,278,863,1042,1106,1190,911,432
Jun-18,All Population,56,475,1937,1217,1726,1977,1526,979,461
Jun-18,Chronic,17,24,272,381,321,457,531,510,253
Jun-18,Refugees,6,31,1639,323,654,892,333,77,29
Jun-18,Families,7,14,1937,265,422,698,208,27,11
Jun-18,Youth,18,52,0,950,0,0,0,0,0
Jun-18,Single Adult,31,409,0,0,1304,1279,1318,952,450
Jun-18,Non-refugees,50,444,298,894,1072,1085,1193,902,432
Jul-18,All Population,73,492,1835,1213,1678,1973,1479,967,457
Jul-18,Chronic,18,35,302,384,331,481,543,496,254
Jul-18,Refugees,13,22,1499,327,624,854,309,82,30
Jul-18,Families,16,14,1831,259,388,670,197,30,12
Jul-18,Youth,12,63,0,953,0,0,0,0,0
Jul-18,Single Adult,45,415,0,0,1290,1303,1282,937,445
Jul-18,Non-refugees,60,470,336,886,1054,1119,1170,885,427
Aug-18,All Population,79,486,1810,1223,1662,1942,1480,978,462
Aug-18,Chronic,14,34,281,371,334,481,536,494,269
Aug-18,Refugees,9,30,1413,333,612,812,319,89,24
Aug-18,Families,14,22,1806,289,417,642,211,32,14
Aug-18,Youth,16,54,0,934,0,0,0,0,0
Aug-18,Single Adult,49,410,0,0,1245,1300,1269,946,448
Aug-18,Non-refugees,70,456,397,890,1050,1130,1161,889,438
Sep-18,All Population,56,499,1721,1171,1604,1873,1487,1020,465
Sep-18,Chronic,13,30,244,362,331,472,548,497,262
Sep-18,Refugees,17,20,1272,326,575,725,291,92,23
Sep-18,Families,11,19,1720,284,389,574,211,30,13
Sep-18,Youth,10,46,0,886,0,0,0,0,0
Sep-18,Single Adult,35,434,0,0,1215,1299,1276,990,452
Sep-18,Non-refugees,39,479,449,845,1029,1148,1196,928,442
Oct-18,All Population,68,445,1609,1180,1584,1819,1442,1033,477
Oct-18,Chronic,12,35,299,370,365,493,552,506,283
Oct-18,Refugees,17,39,1151,330,577,684,282,90,28
Oct-18,Families,21,28,1605,276,382,535,208,31,16
Oct-18,Youth,13,51,0,902,0,0,0,0,0
Oct-18,Single Adult,34,366,0,0,1202,1284,1234,1002,461
Oct-18,Non-refugees,51,406,458,850,1007,1135,1160,943,449
Nov-18,All Population,79,639,1656,1190,1713,1890,1573,1060,475
Nov-18,Chronic,15,32,286,368,354,488,557,517,270
Nov-18,Refugees,21,35,1186,341,609,692,298,94,29
Nov-18,Families,22,16,1652,285,395,547,220,38,16
Nov-18,Youth,7,57,0,903,0,0,0,0,0
Nov-18,Single Adult,50,566,0,0,1318,1343,1353,1022,459
Nov-18,Non-refugees,58,604,470,849,1104,1198,1275,966,446
Dec-18,All Population,68,553,1708,1207,1794,1923,1602,1092,456
Dec-18,Chronic,10,40,292,371,379,488,578,522,276
Dec-18,Refugees,19,29,1213,357,607,697,301,91,28
Dec-18,Families,19,11,1708,300,410,570,222,33,15
Dec-18,Youth,12,55,0,906,0,0,0,0,0
Dec-18,Single Adult,37,487,0,0,1384,1353,1380,1059,441
Dec-18,Non-refugees,49,524,495,850,1187,1226,1301,1001,428
Jan-19,All Population,67,563,1738,1264,1806,1962,1672,1114,473
Jan-19,Chronic,11,27,369,394,384,505,589,534,278
Jan-19,Refugees,19,32,1217,382,558,700,324,98,30
Jan-19,Families,15,19,1672,313,372,567,224,35,14
Jan-19,Youth,13,60,0,950,0,0,0,0,0
Jan-19,Single Adult,39,484,0,0,1434,1395,1448,1079,459
Jan-19,Non-refugees,48,531,521,882,1248,1262,1348,1016,443
Feb-19,All Population,63,540,1676,1233,1777,1979,1659,1174,484
Feb-19,Chronic,14,30,379,394,378,510,593,554,275
Feb-19,Refugees,15,26,1179,348,540,689,306,106,34
Feb-19,Families,6,9,1602,298,379,556,219,34,16
Feb-19,Youth,10,46,0,935,0,0,0,0,0
Feb-19,Single Adult,47,485,0,0,1398,1423,1440,1140,468
Feb-19,Non-refugees,48,514,497,885,1237,1290,1353,1068,450
Mar-19,All Population,58,532,1687,1238,1804,2002,1654,1179,479
Mar-19,Chronic,12,28,441,412,407,552,617,574,284
Mar-19,Refugees,9,26,1182,339,540,673,317,89,31
Mar-19,Families,3,17,1614,292,392,538,226,27,17
Mar-19,Youth,15,53,0,945,0,0,0,0,0
Mar-19,Single Adult,40,462,0,0,1412,1464,1428,1152,462
Mar-19,Non-refugees,49,506,505,899,1264,1329,1337,1090,448
Apr-19,All Population,86,547,1730,1243,1815,1999,1680,1189,486
Apr-19,Chronic,18,32,431,408,415,562,631,577,284
Apr-19,Refugees,29,37,1208,330,522,699,337,93,30
Apr-19,Families,31,28,1650,292,391,565,237,31,16
Apr-19,Youth,15,60,0,951,0,0,0,0,0
Apr-19,Single Adult,40,459,0,0,1424,1434,1443,1158,470
Apr-19,Non-refugees,57,510,522,913,1293,1300,1343,1096,456
May-19,All Population,94,508,1772,1225,1820,2057,1639,1174,497
May-19,Chronic,30,29,461,406,429,573,631,590,292
May-19,Refugees,22,26,1248,328,539,745,347,86,30
May-19,Families,16,24,1703,274,408,589,246,31,16
May-19,Youth,21,47,0,950,0,0,0,0,0
May-19,Single Adult,57,437,0,0,1412,1468,1393,1143,481
May-19,Non-refugees,72,482,524,897,1281,1312,1292,1088,467
Jun-19,All Population,73,459,1725,1270,1845,2064,1582,1125,489
Jun-19,Chronic,15,26,484,393,430,584,612,588,297
Jun-19,Refugees,16,28,1241,352,552,787,343,88,29
Jun-19,Families,12,7,1654,272,382,571,230,32,15
Jun-19,Youth,18,57,0,998,0,0,0,0,0
Jun-19,Single Adult,43,395,0,0,1463,1493,1352,1093,474
Jun-19,Non-refugees,57,431,484,918,1293,1277,1239,1037,460
Jul-19,All Population,63,430,1657,1246,1714,1932,1464,1083,462
Jul-19,Chronic,13,35,439,403,401,584,616,574,297
Jul-19,Refugees,8,29,1187,341,541,762,335,95,25
Jul-19,Families,7,22,1586,260,363,531,217,37,13
Jul-19,Youth,20,54,0,984,0,0,0,0,0
Jul-19,Single Adult,36,354,0,0,1351,1401,1247,1046,449
Jul-19,Non-refugees,55,401,470,905,1173,1170,1129,988,437
Aug-19,All Population,60,434,1607,1220,1614,1891,1426,1096,468
Aug-19,Chronic,12,32,425,396,415,586,616,596,302
Aug-19,Refugees,11,29,1118,350,501,738,317,103,26
Aug-19,Families,3,20,1528,258,347,509,207,39,12
Aug-19,Youth,17,33,0,961,0,0,0,0,0
Aug-19,Single Adult,40,381,0,0,1267,1382,1219,1057,456
Aug-19,Non-refugees,49,405,489,870,1113,1153,1109,993,442
Sep-19,All Population,81,403,1559,1256,1549,1831,1413,1069,464
Sep-19,Chronic,14,36,423,398,402,587,603,597,289
Sep-19,Refugees,21,29,1057,380,496,709,318,105,29
Sep-19,Families,31,18,1471,266,330,497,202,39,12
Sep-19,Youth,15,47,0,989,0,0,0,0,0
Sep-19,Single Adult,35,338,0,0,1219,1334,1211,1030,452
Sep-19,Non-refugees,60,374,502,876,1053,1122,1095,964,435
Oct-19,All Population,69,498,1549,1219,1553,1890,1418,1106,471
Oct-19,Chronic,11,51,407,384,399,568,605,618,294
Oct-19,Refugees,3,31,1075,378,523,743,332,110,28
Oct-19,Families,6,17,1464,244,311,518,188,39,11
Oct-19,Youth,13,39,0,975,0,0,0,0,0
Oct-19,Single Adult,50,442,0,0,1242,1372,1230,1067,460
Oct-19,Non-refugees,66,467,474,841,1030,1147,1086,996,443
Nov-19,All Population,82,658,1475,1185,1642,2004,1495,1163,493
Nov-19,Chronic,12,68,390,390,424,595,600,622,299
Nov-19,Refugees,21,43,1021,359,534,743,333,119,24
Nov-19,Families,20,16,1395,226,297,499,173,38,10
Nov-19,Youth,11,48,0,957,0,0,0,0,0
Nov-19,Single Adult,51,594,0,0,1345,1505,1322,1125,483
Nov-19,Non-refugees,61,615,454,826,1108,1261,1162,1044,469
Dec-19,All Population,77,603,1480,1216,1786,2101,1590,1225,516
Dec-19,Chronic,15,49,396,418,459,622,622,638,304
Dec-19,Refugees,20,31,1034,377,562,759,343,129,25
Dec-19,Families,14,14,1401,232,316,484,176,42,10
Dec-19,Youth,15,53,0,983,0,0,0,0,0
Dec-19,Single Adult,48,536,0,0,1470,1617,1414,1183,506
Dec-19,Non-refugees,57,572,446,839,1224,1342,1247,1096,491
Jan-20,All Population,64,487,1440,1227,1793,2100,1614,1238,504
Jan-20,Chronic,12,47,429,432,461,635,630,653,307
Jan-20,Refugees,15,25,969,341,503,674,306,121,27
Jan-20,Families,15,10,1438,238,321,469,186,45,9
Jan-20,Youth,8,46,0,987,0,0,0,0,0
Jan-20,Single Adult,41,431,0,0,1472,1631,1428,1193,495
Jan-20,Non-refugees,49,462,471,886,1290,1426,1308,1117,477
Feb-20,All Population,76,512,1434,1185,1807,2102,1574,1221,511
Feb-20,Chronic,13,28,408,442,450,619,616,665,319
Feb-20,Refugees,19,28,961,334,486,688,303,104,26
Feb-20,Families,21,19,1434,226,331,467,180,39,9
Feb-20,Youth,4,48,0,957,0,0,0,0,0
Feb-20,Single Adult,51,445,0,0,1476,1635,1394,1182,502
Feb-20,Non-refugees,57,484,473,851,1321,1414,1271,1117,485
Mar-20,All Population,89,479,1380,1135,1799,2055,1599,1206,506
Mar-20,Chronic,12,26,424,441,462,635,630,640,315
Mar-20,Refugees,28,27,896,319,474,660,301,111,26
Mar-20,Families,27,23,1379,230,335,444,186,52,10
Mar-20,Youth,12,39,0,905,0,0,0,0,0
Mar-20,Single Adult,50,417,0,0,1464,1611,1413,1154,496
Mar-20,Non-refugees,61,452,484,816,1325,1395,1298,1095,480
Apr-20,All Population,67,349,1234,1050,1659,1859,1518,1126,489
Apr-20,Chronic,21,21,384,452,477,652,631,633,317
Apr-20,Refugees,15,20,767,282,430,576,281,95,21
Apr-20,Families,17,27,1226,223,339,425,212,66,23
Apr-20,Youth,8,34,0,829,0,0,0,0,0
Apr-20,Single Adult,42,288,0,0,1320,1434,1306,1060,466
Apr-20,Non-refugees,52,329,467,768,1229,1283,1237,1031,468
May-20,All Population,57,407,1093,964,1482,1669,1406,1117,476
May-20,Chronic,22,29,393,449,493,687,627,649,325
May-20,Refugees,9,18,684,259,363,498,254,91,23
May-20,Families,15,20,1037,193,299,370,212,72,34
May-20,Youth,11,28,0,769,0,0,0,0,0
May-20,Single Adult,31,359,0,0,1183,1299,1194,1045,442
May-20,Non-refugees,48,389,409,705,1119,1171,1152,1026,453
Jun-20,All Population,48,324,993,889,1370,1569,1328,1053,466
Jun-20,Chronic,19,36,414,448,510,690,653,657,332
Jun-20,Refugees,12,16,599,229,319,441,225,77,27
Jun-20,Families,12,29,961,187,256,366,209,70,40
Jun-20,Youth,11,41,0,701,0,0,0,0,0
Jun-20,Single Adult,25,254,0,0,1114,1203,1119,983,426
Jun-20,Non-refugees,36,308,394,660,1051,1128,1103,976,439
Jul-20,All Population,87,530,911,878,1414,1548,1294,1037,470
Jul-20,Chronic,27,29,415,439,498,677,655,663,330
Jul-20,Refugees,22,23,498,209,274,366,195,75,26
Jul-20,Families,29,42,897,176,244,347,186,64,37
Jul-20,Youth,14,44,0,693,0,0,0,0,0
Jul-20,Single Adult,44,444,0,0,1170,1201,1108,973,433
Jul-20,Non-refugees,65,507,413,669,1140,1182,1099,962,444
Aug-20,All Population,89,434,879,891,1459,1552,1304,1032,463
Aug-20,Chronic,21,39,440,446,516,715,686,658,321
Aug-20,Refugees,28,21,449,191,250,330,178,65,24
Aug-20,Families,23,45,872,186,243,323,169,57,31
Aug-20,Youth,18,32,0,697,0,0,0,0,0
Aug-20,Single Adult,48,357,0,0,1216,1229,1135,975,432
Aug-20,Non-refugees,61,413,430,700,1209,1222,1126,967,439
Sep-20,All Population,82,385,806,895,1434,1554,1310,1080,493
Sep-20,Chronic,11,38,377,411,540,715,709,690,334
Sep-20,Refugees,19,24,381,191,257,311,176,70,26
Sep-20,Families,16,22,803,175,217,259,119,31,11
Sep-20,Youth,14,43,0,713,0,0,0,0,0
Sep-20,Single Adult,52,320,0,0,1217,1295,1191,1049,482
Sep-20,Non-refugees,63,361,425,704,1177,1243,1134,1010,467
Oct-20,All Population,88,431,764,891,1385,1519,1319,1110,518
Oct-20,Chronic,24,44,301,382,541,701,709,707,354
Oct-20,Refugees,22,18,305,170,229,268,157,63,23
Oct-20,Families,25,19,735,169,194,218,110,26,11
Oct-20,Youth,14,33,0,721,0,0,0,0,0
Oct-20,Single Adult,49,379,0,0,1191,1301,1209,1084,507
Oct-20,Non-refugees,66,413,459,721,1156,1251,1162,1047,495
Nov-20,All Population,53,486,710,889,1429,1572,1347,1135,504
Nov-20,Chronic,12,32,238,365,497,675,706,723,348
Nov-20,Refugees,6,30,258,163,215,240,139,63,18
Nov-20,Families,9,11,679,174,184,185,105,26,6
Nov-20,Youth,11,40,0,714,0,0,0,0,0
Nov-20,Single Adult,33,435,0,0,1245,1387,1242,1109,498
Nov-20,Non-refugees,47,456,452,726,1214,1332,1208,1072,486
Dec-20,All Population,91,484,661,887,1474,1616,1382,1184,537
Dec-20,Chronic,20,35,205,357,496,684,710,726,355
Dec-20,Refugees,28,21,226,160,197,226,132,63,20
Dec-20,Families,23,27,633,158,177,178,100,33,9
Dec-20,Youth,16,39,0,729,0,0,0,0,0
Dec-20,Single Adult,52,418,0,0,1297,1438,1282,1151,528
Dec-20,Non-refugees,63,463,435,727,1277,1390,1250,1121,517
Jan-21,All Population,84,425,619,892,1501,1664,1403,1204,546
Jan-21,Chronic,16,23,203,342,509,685,710,742,359
Jan-21,Refugees,13,23,219,153,190,216,131,70,16
Jan-21,Families,16,15,601,147,169,182,99,31,10
Jan-21,Youth,12,45,0,752,0,0,0,0,0
Jan-21,Single Adult,56,365,0,0,1332,1482,1304,1173,536
Jan-21,Non-refugees,71,402,400,739,1311,1448,1272,1134,530
Jan-21,Indigenous,11,99,6,96,254,240,189,85,25
Feb-21,All Population,88,389,609,884,1528,1698,1397,1202,553
Feb-21,Chronic,21,26,220,332,520,694,716,751,368
Feb-21,Refugees,13,22,223,148,193,215,131,69,17
Feb-21,Families,17,4,590,139,156,192,101,33,10
Feb-21,Youth,15,39,0,743,0,0,0,0,0
Feb-21,Single Adult,56,346,0,0,1372,1506,1296,1169,543
Feb-21,Non-refugees,75,367,386,736,1335,1483,1266,1133,536
Feb-21,Indigenous,8,95,5,100,266,260,182,84,30
Mar-21,All Population,71,389,584,863,1530,1656,1387,1186,539
Mar-21,Chronic,18,20,222,320,521,713,721,757,361
Mar-21,Refugees,12,13,227,141,180,204,126,68,15
Mar-21,Families,12,14,570,127,157,183,90,31,7
Mar-21,Youth,20,36,0,735,0,0,0,0,0
Mar-21,Single Adult,39,339,0,0,1373,1473,1297,1155,532
Mar-21,Non-refugees,59,376,357,722,1350,1452,1261,1118,524
Mar-21,Indigenous,7,74,3,99,267,246,181,86,30
Apr-21,All Population,69,309,573,906,1442,1568,1366,1133,528
Apr-21,Chronic,16,18,217,312,528,716,751,747,356
Apr-21,Refugees,16,14,223,145,182,192,117,65,15
Apr-21,Families,16,13,559,134,159,173,93,32,7
Apr-21,Youth,15,37,0,771,0,0,0,0,0
Apr-21,Single Adult,38,259,0,0,1283,1395,1273,1101,521
Apr-21,Non-refugees,53,295,350,761,1260,1376,1249,1068,513
Apr-21,Indigenous,7,57,4,94,260,223,173,78,29
May-21,All Population,78,485,569,901,1490,1593,1378,1114,530
May-21,Chronic,16,36,230,308,567,751,770,750,363
May-21,Refugees,10,22,220,144,183,193,124,58,17
May-21,Families,11,22,562,132,165,170,88,38,10
May-21,Youth,23,37,0,769,0,0,0,0,0
May-21,Single Adult,44,426,0,0,1325,1423,1290,1079,520
May-21,Non-refugees,68,463,349,757,1307,1400,1254,1056,513
May-21,Indigenous,7,102,7,94,258,244,180,77,28
Jun-21,All Population,98,465,618,979,1570,1725,1454,1140,551
Jun-21,Chronic,13,37,226,326,576,778,800,763,371
Jun-21,Refugees,16,20,244,152,189,201,128,68,16
Jun-21,Families,28,13,611,152,166,194,102,42,9
Jun-21,Youth,16,44,0,826,0,0,0,0,0
Jun-21,Single Adult,54,408,0,0,1404,1531,1352,1098,542
Jun-21,Non-refugees,82,445,374,827,1381,1524,1326,1072,535
Jun-21,Indigenous,13,105,3,104,261,263,194,85,26
Jul-21,All Population,87,453,673,972,1636,1794,1497,1185,565
Jul-21,Chronic,20,39,247,317,585,796,812,766,381
Jul-21,Refugees,14,22,258,150,187,203,124,74,18
Jul-21,Families,19,13,671,143,177,208,99,46,12
Jul-21,Youth,8,54,0,829,0,0,0,0,0
Jul-21,Single Adult,60,386,0,0,1459,1586,1398,1139,553
Jul-21,Non-refugees,73,431,415,822,1449,1591,1373,1111,547
Jul-21,Indigenous,13,90,5,108,264,272,199,101,23
Aug-21,All Population,104,452,701,972,1711,1813,1490,1211,581
Aug-21,Chronic,17,21,237,340,584,802,802,763,387
Aug-21,Refugees,24,25,254,143,188,198,113,78,21
Aug-21,Families,26,39,686,147,191,206,87,47,14
Aug-21,Youth,12,36,0,823,0,0,0,0,0
Aug-21,Single Adult,66,377,0,0,1520,1607,1403,1164,567
Aug-21,Non-refugees,80,427,447,829,1523,1615,1377,1133,560
Aug-21,Indigenous,15,82,5,114,283,271,204,98,27
Sep-21,All Population,101,433,787,1011,1706,1882,1519,1262,593
Sep-21,Chronic,26,36,230,347,590,828,801,771,391
Sep-21,Refugees,16,30,312,161,218,236,121,78,23
Sep-21,Families,28,29,772,168,204,241,101,48,14
Sep-21,Youth,13,55,0,842,0,0,0,0,0
Sep-21,Single Adult,60,349,0,0,1502,1641,1418,1214,579
Sep-21,Non-refugees,85,403,475,850,1488,1646,1398,1184,570
Sep-21,Indigenous,13,85,8,122,272,282,208,102,32
Oct-21,All Population,80,450,847,1052,1744,1921,1535,1298,595
Oct-21,Chronic,15,49,237,362,592,832,806,781,400
Oct-21,Refugees,15,26,364,182,249,270,133,78,25
Oct-21,Families,18,31,839,190,227,259,115,54,16
Oct-21,Youth,13,48,0,861,0,0,0,0,0
Oct-21,Single Adult,49,371,0,0,1517,1662,1420,1244,579
Oct-21,Non-refugees,65,424,483,870,1495,1651,1402,1220,570
Oct-21,Indigenous,10,93,6,134,265,308,204,104,32
Nov-21,All Population,77,455,849,1060,1771,1982,1579,1342,616
Nov-21,Chronic,17,48,231,371,632,854,831,789,423
Nov-21,Refugees,17,20,362,187,274,282,143,79,22
Nov-21,Families,14,25,846,205,224,281,122,57,19
Nov-21,Youth,19,40,0,855,0,0,0,0,0
Nov-21,Single Adult,44,390,0,0,1547,1701,1457,1285,597
Nov-21,Non-refugees,60,435,487,873,1497,1700,1436,1263,594
Nov-21,Indigenous,7,99,6,122,259,314,223,114,32
Dec-21,All Population,52,319,901,1054,1742,1991,1587,1343,637
Dec-21,Chronic,11,34,269,385,632,875,844,819,434
Dec-21,Refugees,10,18,415,204,311,330,167,80,23
Dec-21,Families,7,15,888,200,234,302,133,50,20
Dec-21,Youth,9,29,0,850,0,0,0,0,0
Dec-21,Single Adult,36,275,0,0,1508,1689,1454,1293,617
Dec-21,Non-refugees,42,301,486,850,1431,1661,1420,1263,614
Dec-21,Indigenous,4,56,5,126,244,301,217,118,32
Jan-22,All Population,85,408,909,1055,1796,2011,1625,1362,652
Jan-22,Chronic,27,32,283,385,659,902,851,835,450
Jan-22,Refugees,14,22,470,229,343,382,192,83,27
Jan-22,Families,11,5,896,204,236,320,133,52,20
Jan-22,Youth,19,42,0,851,0,0,0,0,0
Jan-22,Single Adult,55,361,0,0,1560,1691,1492,1310,632
Jan-22,Non-refugees,71,386,439,826,1453,1629,1433,1279,625
Jan-22,Indigenous,13,102,5,127,264,313,227,127,35
Feb-22,All Population,87,370,920,1096,1802,2041,1671,1374,655
Feb-22,Chronic,25,28,314,388,678,925,889,865,449
Feb-22,Refugees,22,21,487,261,365,393,212,87,28
Feb-22,Families,11,7,912,213,244,325,149,43,18
Feb-22,Youth,13,45,0,882,0,0,0,0,0
Feb-22,Single Adult,63,318,0,0,1558,1716,1522,1331,637
Feb-22,Non-refugees,65,349,433,835,1437,1648,1459,1287,627
Feb-22,Indigenous,15,90,6,134,277,337,242,126,37
Mar-22,All Population,101,349,1012,1165,1850,2141,1694,1410,661
Mar-22,Chronic,18,26,345,417,687,953,930,906,448
Mar-22,Refugees,27,20,582,312,396,441,241,96,31
Mar-22,Families,30,25,1006,248,260,362,169,52,18
Mar-22,Youth,16,35,0,913,0,0,0,0,0
Mar-22,Single Adult,55,289,0,0,1590,1779,1525,1358,643
Mar-22,Non-refugees,74,329,430,853,1454,1700,1453,1314,630
Mar-22,Indigenous,10,69,6,140,289,358,232,126,42
Apr-22,All Population,77,316,1053,1175,1821,2098,1696,1408,662
Apr-22,Chronic,12,27,364,441,683,983,954,916,437
Apr-22,Refugees,7,24,631,333,418,467,272,109,33
Apr-22,Families,17,11,1045,267,275,369,182,53,17
Apr-22,Youth,9,29,0,908,0,0,0,0,0
Apr-22,Single Adult,51,276,0,0,1546,1729,1514,1355,645
Apr-22,Non-refugees,70,292,422,842,1403,1631,1424,1299,629
Apr-22,Indigenous,15,77,3,121,285,358,217,126,43
May-22,All Population,82,309,1073,1180,1779,1978,1685,1372,665
May-22,Chronic,9,37,392,478,697,956,978,927,457
May-22,Refugees,23,21,655,355,464,465,297,105,38
May-22,Families,23,14,1064,272,279,379,196,51,19
May-22,Youth,10,40,0,907,0,0,0,0,0
May-22,Single Adult,49,255,0,0,1500,1599,1489,1321,646
May-22,Non-refugees,59,288,418,825,1315,1513,1388,1267,627
May-22,Indigenous,6,81,3,122,278,337,225,127,38
Jun-22,All Population,81,382,1091,1193,1808,1972,1668,1346,674
Jun-22,Chronic,17,55,415,482,698,961,985,911,464
Jun-22,Refugees,20,21,675,360,494,483,292,106,39
Jun-22,Families,9,13,1052,261,289,366,187,44,19
Jun-22,Youth,16,37,0,932,0,0,0,0,0
Jun-22,Single Adult,56,332,0,0,1519,1606,1481,1302,655
Jun-22,Non-refugees,61,361,416,833,1314,1489,1376,1240,635
Jun-22,Indigenous,9,80,3,125,265,325,232,120,33
Jul-22,All Population,74,277,1125,1165,1841,1989,1652,1322,674
Jul-22,Chronic,10,31,408,495,682,952,981,907,476
Jul-22,Refugees,16,16,696,374,573,540,303,113,39
Jul-22,Families,19,21,1088,265,287,381,186,48,19
Jul-22,Youth,10,18,0,899,0,0,0,0,0
Jul-22,Single Adult,45,238,0,0,1554,1608,1466,1274,655
Jul-22,Non-refugees,58,261,429,791,1268,1449,1349,1209,635
Jul-22,Indigenous,8,56,2,118,247,307,224,100,36
Aug-22,All Population,82,289,1114,1156,1818,2019,1619,1323,675
Aug-22,Chronic,20,42,388,511,689,949,973,912,477
Aug-22,Refugees,21,23,699,379,630,622,321,124,38
Aug-22,Families,28,19,1078,252,271,403,187,48,18
Aug-22,Youth,4,32,0,904,0,0,0,0,0
Aug-22,Single Adult,50,238,0,0,1547,1616,1432,1275,657
Aug-22,Non-refugees,61,266,415,777,1188,1397,1298,1199,637
Aug-22,Indigenous,6,62,3,116,226,286,204,103,33
Sep-22,All Population,73,265,1126,1158,1802,2013,1638,1301,652
Sep-22,Chronic,15,49,442,527,700,959,985,895,470
Sep-22,Refugees,21,19,702,413,686,673,336,124,42
Sep-22,Families,14,6,1095,244,262,386,176,42,16
Sep-22,Youth,8,20,0,914,0,0,0,0,0
Sep-22,Single Adult,51,239,0,0,1540,1627,1462,1259,636
Sep-22,Non-refugees,52,246,424,745,1116,1340,1302,1177,610
Sep-22,Indigenous,7,57,2,111,206,260,205,100,31
Oct-22,All Population,49,281,1155,1132,1854,1991,1597,1263,630
Oct-22,Chronic,8,50,426,520,705,947,962,898,468
Oct-22,Refugees,13,11,728,425,743,700,351,117,45
Oct-22,Families,10,21,1132,242,280,368,176,45,17
Oct-22,Youth,7,20,0,889,0,0,0,0,0
Oct-22,Single Adult,32,240,0,0,1574,1623,1421,1218,613
Oct-22,Non-refugees,36,270,427,707,1111,1291,1246,1146,585
Oct-22,Indigenous,5,78,2,106,219,246,195,99,28
Nov-22,All Population,56,370,1134,1139,1905,2025,1627,1255,626
Nov-22,Chronic,11,68,391,516,720,935,971,893,472
Nov-22,Refugees,15,21,717,437,785,710,375,114,47
Nov-22,Families,5,13,1117,248,274,367,188,43,18
Nov-22,Youth,9,34,0,889,0,0,0,0,0
Nov-22,Single Adult,42,323,0,0,1631,1658,1439,1212,608
Nov-22,Non-refugees,41,349,417,702,1120,1315,1252,1141,579
Nov-22,Indigenous,7,96,2,97,211,263,196,103,25
Dec-22,All Population,93,500,1273,1234,2096,2190,1690,1304,621
Dec-22,Chronic,19,76,379,518,740,947,947,896,468
Dec-22,Refugees,31,24,803,497,893,784,385,122,46
Dec-22,Families,27,20,1251,290,330,414,186,41,17
Dec-22,Youth,12,32,0,936,0,0,0,0,0
Dec-22,Single Adult,54,448,0,0,1766,1776,1504,1263,604
Dec-22,Non-refugees,62,476,470,737,1203,1406,1305,1182,575
Dec-22,Indigenous,8,124,3,99,243,280,218,103,32
Jan-23,All Population,75,441,1272,1242,2232,2262,1730,1352,612
Jan-23,Chronic,8,56,387,501,819,992,953,906,457
Jan-23,Refugees,16,30,795,502,934,786,392,126,40
Jan-23,Families,22,14,1245,281,326,417,184,39,16
Jan-23,Youth,13,25,0,959,0,0,0,0,0
Jan-23,Single Adult,40,402,0,0,1906,1845,1546,1313,596
Jan-23,Non-refugees,59,411,477,740,1298,1476,1338,1226,572
Jan-23,Indigenous,10,104,2,99,249,309,219,107,33
Feb-23,All Population,73,438,1231,1233,2294,2351,1751,1385,604
Feb-23,Chronic,16,57,373,477,827,1032,952,903,437
Feb-23,Refugees,20,34,759,517,947,805,395,131,38
Feb-23,Families,11,13,1213,268,318,423,177,42,17
Feb-23,Youth,13,24,0,963,0,0,0,0,0
Feb-23,Single Adult,49,401,0,0,1976,1928,1574,1343,587
Feb-23,Non-refugees,53,404,472,716,1347,1546,1356,1254,566
Feb-23,Indigenous,8,105,2,99,253,350,226,110,27
Mar-23,All Population,79,322,1237,1237,2298,2351,1714,1369,605
Mar-23,Chronic,14,53,380,488,849,1067,960,907,440
Mar-23,Refugees,27,26,764,537,962,811,386,130,43
Mar-23,Families,13,10,1224,265,330,433,165,41,17
Mar-23,Youth,9,30,0,971,0,0,0,0,0
Mar-23,Single Adult,57,282,0,0,1968,1918,1549,1328,588
Mar-23,Non-refugees,52,296,473,700,1336,1540,1328,1239,562
Mar-23,Indigenous,11,77,4,109,263,333,226,113,30
Apr-23,All Population,66,301,1225,1249,2244,2252,1639,1306,600
Apr-23,Chronic,17,36,394,482,832,1050,937,875,447
Apr-23,Refugees,17,20,779,571,974,794,384,122,39
Apr-23,Families,16,10,1215,261,325,421,160,39,11
Apr-23,Youth,7,32,0,986,0,0,0,0,0
Apr-23,Single Adult,43,259,0,0,1919,1831,1479,1267,589
Apr-23,Non-refugees,49,281,446,678,1270,1458,1255,1184,561
Apr-23,Indigenous,6,88,6,107,243,323,207,105,32
May-23,All Population,68,266,1242,1272,2275,2219,1587,1258,600
May-23,Chronic,14,35,392,472,815,1017,929,849,443
May-23,Refugees,19,24,779,635,1093,849,401,118,39
May-23,Families,21,15,1230,257,329,435,157,37,13
May-23,Youth,4,19,0,1015,0,0,0,0,0
May-23,Single Adult,43,232,0,0,1946,1784,1430,1221,587
May-23,Non-refugees,49,242,463,637,1182,1370,1186,1140,561
May-23,Indigenous,4,70,9,94,233,310,194,101,31
Jun-23,All Population,47,188,1282,1310,2280,2191,1581,1200,574
Jun-23,Chronic,8,26,528,511,835,1024,942,833,438
Jun-23,Refugees,18,14,780,683,1178,931,435,127,37
Jun-23,Families,9,8,1272,277,342,441,168,40,14
Jun-23,Youth,7,25,0,1033,0,0,0,0,0
Jun-23,Single Adult,31,155,0,0,1938,1750,1413,1160,560
Jun-23,Non-refugees,29,174,502,627,1102,1260,1146,1073,537
Jun-23,Indigenous,5,51,10,80,208,272,167,92,26
Jul-23,All Population,34,148,1279,1314,2208,2131,1502,1124,552
Jul-23,Chronic,12,27,559,530,868,1031,933,796,428
Jul-23,Refugees,12,14,787,720,1242,983,455,130,37
Jul-23,Families,6,5,1267,284,331,448,172,41,14
Jul-23,Youth,4,18,0,1029,0,0,0,0,0
Jul-23,Single Adult,24,125,0,0,1877,1683,1330,1083,538
Jul-23,Non-refugees,22,134,492,594,966,1148,1047,994,515
Jul-23,Indigenous,4,35,9,80,167,235,151,83,24
Aug-23,All Population,42,201,1262,1292,2223,2128,1459,1091,533
Aug-23,Chronic,9,35,619,554,932,1076,944,795,418
Aug-23,Refugees,8,19,782,726,1320,1049,466,140,42
Aug-23,Families,4,6,1251,281,332,447,167,46,15
Aug-23,Youth,4,18,0,1011,0,0,0,0,0
Aug-23,Single Adult,34,177,0,0,1891,1681,1292,1045,518
Aug-23,Non-refugees,34,182,480,566,903,1079,993,951,491
Aug-23,Indigenous,5,50,7,74,143,210,131,82,21
Sep-23,All Population,49,194,1267,1323,2320,2196,1478,1093,535
Sep-23,Chronic,12,38,727,591,991,1124,939,801,423
Sep-23,Refugees,12,21,799,762,1463,1147,492,149,43
Sep-23,Families,11,3,1260,283,337,442,171,44,15
Sep-23,Youth,3,19,0,1039,0,0,0,0,0
Sep-23,Single Adult,35,172,0,0,1983,1754,1307,1049,520
Sep-23,Non-refugees,37,173,468,561,857,1049,986,944,492
Sep-23,Indigenous,7,57,7,69,133,210,137,79,25
Oct-23,All Population,33,165,1223,1303,2322,2214,1466,1052,531
Oct-23,Chronic,13,30,717,610,995,1107,934,771,430
Oct-23,Refugees,11,18,806,758,1516,1228,501,153,40
Oct-23,Families,2,6,1217,279,314,442,165,44,14
Oct-23,Youth,10,16,0,1023,0,0,0,0,0
Oct-23,Single Adult,21,143,0,0,2008,1772,1301,1008,517
Oct-23,Non-refugees,22,147,417,545,806,986,965,899,491
Oct-23,Indigenous,6,49,5,63,140,197,138,77,29
Nov-23,All Population,69,267,1265,1327,2431,2341,1537,1068,529
Nov-23,Chronic,18,66,693,623,1096,1148,955,767,429
Nov-23,Refugees,20,40,848,786,1650,1336,565,162,39
Nov-23,Families,21,11,1256,274,328,443,173,40,11
Nov-23,Youth,7,25,0,1052,0,0,0,0,0
Nov-23,Single Adult,41,231,0,0,2103,1898,1364,1028,518
Nov-23,Non-refugees,49,227,417,541,781,1005,972,906,490
Nov-23,Indigenous,10,65,8,62,144,191,150,83,27
Dec-23,All Population,53,266,1264,1349,2464,2409,1527,1067,527
Dec-23,Chronic,4,64,687,631,1128,1211,946,757,414
Dec-23,Refugees,10,24,867,801,1687,1372,585,165,35
Dec-23,Families,14,6,1258,269,344,435,166,37,13
Dec-23,Youth,8,19,0,1079,0,0,0,0,0
Dec-23,Single Adult,31,241,0,0,2120,1974,1361,1030,514
Dec-23,Non-refugees,43,242,397,548,777,1037,942,902,492
Dec-23,Indigenous,8,74,9,64,141,199,153,81,32
Jan-24,All Population,53,383,1259,1338,2575,2549,1606,1125,547
Jan-24,Chronic,11,78,714,634,1146,1247,977,758,412
Jan-24,Refugees,7,32,881,794,1718,1422,601,175,37
Jan-24,Families,11,4,1254,276,337,435,167,41,12
Jan-24,Youth,3,24,0,1061,0,0,0,0,0
Jan-24,Single Adult,39,355,0,0,2238,2114,1439,1084,535
Jan-24,Non-refugees,46,351,378,544,857,1127,1005,950,510
Jan-24,Indigenous,8,138,6,70,188,236,171,86,35
Feb-24,All Population,47,206,1254,1338,2621,2647,1632,1131,550
Feb-24,Chronic,19,29,729,621,1162,1257,995,776,400
Feb-24,Refugees,8,24,867,800,1764,1486,628,185,38
Feb-24,Families,6,16,1250,281,343,436,166,49,13
Feb-24,Youth,5,15,0,1056,0,0,0,0,0
Feb-24,Single Adult,36,175,0,0,2278,2211,1466,1082,537
Feb-24,Non-refugees,39,182,387,538,857,1161,1004,946,512
Feb-24,Indigenous,7,56,7,61,191,245,168,93,37
Mar-24,All Population,31,185,1277,1277,2560,2542,1569,1081,527
Mar-24,Chronic,12,24,774,675,1294,1364,1018,764,399
Mar-24,Refugees,8,17,907,772,1778,1489,634,184,41
Mar-24,Families,6,2,1273,263,347,444,168,47,13
Mar-24,Youth,4,12,0,1012,0,0,0,0,0
Mar-24,Single Adult,21,171,0,0,2213,2098,1401,1034,514
Mar-24,Non-refugees,23,168,370,505,782,1053,935,897,486
Mar-24,Indigenous,7,69,7,49,168,216,165,94,35
Apr-24,All Population,33,154,1389,1276,2552,2571,1577,1073,526
Apr-24,Chronic,9,24,900,737,1361,1486,1049,757,397
Apr-24,Refugees,11,26,1021,792,1846,1592,680,206,56
Apr-24,Families,7,3,1385,288,369,510,194,58,22
Apr-24,Youth,3,9,0,986,0,0,0,0,0
Apr-24,Single Adult,23,142,0,0,2183,2061,1383,1015,504
Apr-24,Non-refugees,22,128,368,484,706,979,897,867,470
Apr-24,Indigenous,4,45,6,51,134,193,161,87,35
May-24,All Population,23,174,1387,1276,2516,2500,1546,1050,520
May-24,Chronic,8,29,1010,791,1499,1612,1103,756,406
May-24,Refugees,5,18,1026,788,1841,1589,687,207,60
May-24,Families,1,1,1387,280,372,508,195,58,24
May-24,Youth,1,27,0,996,0,0,0,0,0
May-24,Single Adult,21,146,0,0,2144,1992,1351,992,496
May-24,Non-refugees,18,156,361,488,675,911,859,843,460
May-24,Indigenous,5,57,6,59,130,170,156,83,35
Jun-24,All Population,28,132,1383,1256,2462,2480,1515,1026,505
Jun-24,Chronic,7,27,1067,829,1638,1696,1129,757,394
Jun-24,Refugees,6,7,1025,774,1810,1590,685,214,59
Jun-24,Families,0,0,1383,277,370,514,198,57,23
Jun-24,Youth,4,13,0,978,0,0,0,0,0
Jun-24,Single Adult,24,119,0,0,2092,1966,1317,969,482
Jun-24,Non-refugees,22,125,358,482,652,890,830,812,446
Jun-24,Indigenous,3,41,6,59,123,163,152,74,28
Jul-24,All Population,33,187,1370,1276,2428,2463,1455,1007,500
Jul-24,Chronic,7,23,1101,843,1714,1757,1111,751,394
Jul-24,Refugees,7,29,1022,775,1794,1597,682,219,60
Jul-24,Families,6,4,1370,272,364,507,191,54,21
Jul-24,Youth,5,19,0,1003,0,0,0,0,0
Jul-24,Single Adult,22,164,0,0,2064,1956,1264,953,479
Jul-24,Non-refugees,26,158,348,501,634,866,773,788,440
Jul-24,Indigenous,5,50,6,71,118,148,139,73,29
Aug-24,All Population,43,155,1383,1267,2415,2445,1477,1023,493
Aug-24,Chronic,12,39,1130,856,1754,1806,1140,758,399
Aug-24,Refugees,13,16,1025,785,1782,1585,691,222,53
Aug-24,Families,6,5,1383,279,352,517,194,52,22
Aug-24,Youth,9,17,0,987,0,0,0,0,0
Aug-24,Single Adult,28,133,0,0,2063,1928,1283,971,471
Aug-24,Non-refugees,30,139,358,482,633,860,786,801,440
Aug-24,Indigenous,2,52,6,65,113,146,135,82,29
